-73.9684599,40.7992637,103rd St; 1 103rd St/Broadway 103rd St/Broadway,,,,,,
-73.9476871,40.7903051,103rd St; 6 103rd St/Lexington Ave 103rd St/Lexington Ave,,,,,,
-73.9614211,40.7961424,103rd St; B-C 103rd St/Central Park West 103rd St/Central Park West,,,,,,
-73.86223,40.74994,103rd St-Corona Plaza; 7 [El] 103rd St-Corona Plaza/Roosevelt Av 103rd St-Corona Plaza/Roosevelt Av,,,,,,
-73.8369656,40.6819868,104th St; A [El] 104th St/Liberty Av 104th St/Liberty Av,,,,,,
-73.8434458,40.6952047,104th St; J-Z [El] 104th St/Jamaica Av 104th St/Jamaica Av,,,,,,
-73.9444256,40.7948112,110th St; 6 110th St/Lexington Ave 110th St/Lexington Ave,,,,,,
-73.85584,40.75159,111th St; 7 [El] 111th St/Roosevelt Av 111th St/Roosevelt Av,,,,,,
-73.8311291,40.6847334,111th St; A [El] 111th St/Liberty Av 111th St/Liberty Av,,,,,,
-73.8371801,40.6968784,111th St; J [El] 111th St/Jamaica Av 111th St/Jamaica Av,,,,,,
-73.9496861,40.8020436,116th St; 2-3 116th St/Lenox Ave 116th St/Lenox Ave,,,,,,
-73.9416361,40.7986307,116th St; 6 116th St/Lexington Ave 116th St/Lexington Ave,,,,,,
-73.9553702,40.8044251,116th St; B-C 116th St/8th Ave 116th St/8th Ave,,,,,,
-73.9637596,40.8082245,116th St-Columbia Univ; 1 116th St-Columbia University/Broadway 116th St-Columbia University/Broadway,,,,,,
-73.8291121,40.7003546,121st St; J-Z [El] 121st St/Jamaica Av 121st St/Jamaica Av,,,,,,
-73.9585426,40.8153555,125th St; 1 125th St/Broadway 125th St/Broadway,,,,,,
-73.9454797,40.8077941,125th St; 2-3 125th St/Lenox Ave 125th St/Lenox Ave,,,,,,
-73.9374304,40.8043814,125th St; 4-5-6 125th St/Lexington Ave; Connection to Metro North 125th St/Lexington Ave; Connection to Metro North,,,,,,
-73.9525799,40.8107763,125th St; A-B-C-D 125th St/Saint Nicholas Ave 125th St/Saint Nicholas Ave,,,,,,
-73.9408421,40.8141016,135th St; 2-3 135th St/Lenox Ave 135th St/Lenox Ave,,,,,,
-73.9480298,40.8171273,135th St; B-C 135th St/Saint Nicholas Ave 135th St/Saint Nicholas Ave,,,,,,
-73.9541259,40.8213751,137th St-City College; 1 137th St-City College/Broadway 137th St-City College/Broadway,,,,,,
-73.9297992,40.8132027,138th St; 4-5 138th St/Grand Concourse 138th St/Grand Concourse,,,,,,
-73.950431,40.8264385,145th St; 1 145th St/Broadway 145th St/Broadway,,,,,,
-73.9362376,40.8204362,145th St; 3 145th St/Lenox Ave 145th St/Lenox Ave,,,,,,
-73.9447696,40.8240365,145th St; A-B-C-D 145th St/Saint Nicholas Ave; B Terminus (Non-Rush) 145th St/Saint Nicholas Ave; B Terminus (Non-Rush),,,,,,
-73.9273195,40.8185475,149th St-Grand Concourse; 2-5-4 149th St-Grand Concourse; Transfer 4 149th St-Grand Concourse; Transfer 4,,,,,,
-73.9273454,40.8184882,149th St-Grand Concourse; 4-2-5 149th St-Grand Concourse; Transfer 2-5 149th St-Grand Concourse; Transfer 2-5,,,,,,
-73.9997286,40.7385084,14th St; 1-2-3-F-L-V 14th St/7th Ave; Transfer F-L-V; Connection to PATH 14th St/7th Ave; Transfer F-L-V; Connection to PATH,,,,,,
-74.0024861,40.7398135,14th St; A-C-E 14th St/ 8th Ave; Transfer L 14th St/ 8th Ave; Transfer L,,,,,,
-73.9967867,40.7374037,14th St; F-V-1-2-3-L 14th St/6th Ave; Transfer 1-2-3-L; Connection to PATH 14th St/6th Ave; Transfer 1-2-3-L; Connection to PATH,,,,,,
-73.9899282,40.7344995,14th St-Union Sq; 4-5-6-L-N-Q-R-W 14th St-Union Sq/4th Ave; Transfer L-N-Q-R-W 14th St-Union Sq/4th Ave; Transfer L-N-Q-R-W,,,,,,
-73.99045,40.73651,14th St-Union Sq; N-Q-R-W-4-5-6-L 14th St-Union Sq/Broadway; Transfer 4-5-6-L 14th St-Union Sq/Broadway; Transfer 4-5-6-L,,,,,,
-73.9365584,40.8302384,155th St; B-D 155th St/8th Ave 155th St/8th Ave,,,,,,
-73.9413786,40.8309031,155th St; C 155th St/Saint Nicholas Ave 155th St/Saint Nicholas Ave,,,,,,
-73.9448768,40.8340574,157th St; 1 157th St/Broadway 157th St/Broadway,,,,,,
-73.979611,40.6612776,15th St-Prospect Park; F 15th St-Prospect Park/Prospect Park West 15th St-Prospect Park/Prospect Park West,,,,,,
-73.9260578,40.8276415,161st St-Yankee Stadium; 4 [El]-B-D 161st St-Yankee Stadium/River Ave; Transfer B-D 161st St-Yankee Stadium/River Ave; Transfer B-D,,,,,,
-73.9257733,40.8277657,161st St-Yankee Stadium; B-D-4 161st St-Yankee Stadium/River Ave; Transfer 4 161st St-Yankee Stadium/River Ave; Transfer 4,,,,,,
-73.9401178,40.8368688,163rd St-Amsterdam Ave; C 163rd St- Amsterdam Ave/Saint Nicholas Ave 163rd St- Amsterdam Ave/Saint Nicholas Ave,,,,,,
-73.9212513,40.8357525,167th St; 4 [El] 167th St/River Ave 167th St/River Ave,,,,,,
-73.9177083,40.8345114,167th St; B-D 167th St/Grand Concourse 167th St/Grand Concourse,,,,,,
-73.9394643,40.8415399,168th St-Washington Hts; 1-A-C 168th St-Washington Heights/Broadway; Transfer A-C 168th St-Washington Heights/Broadway; Transfer A-C,,,,,,
-73.79305,40.7107,169th St; F 169th St/Hillside Av 169th St/Hillside Av,,,,,,
-73.9178667,40.8399676,170th St; 4 [El] 170th St/Jerome Ave 170th St/Jerome Ave,,,,,,
-73.913745,40.8387371,170th St; B-D 170th St/Grand Concourse 170th St/Grand Concourse,,,,,,
-73.88767,40.83735,174th St; 2-5 [El] 174th St/Southern Blvd 174th St/Southern Blvd,,,,,,
-73.9100626,40.8459909,174th-175th Sts; B-D 174th-175th Sts/Grand Concourse 174th-175th Sts/Grand Concourse,,,,,,
-73.9395332,40.8478546,175th St; A 175th St/Fort Washington Ave 175th St/Fort Washington Ave,,,,,,
-73.9117538,40.8485274,176th St; 4 [El] 176th St/Jerome Ave 176th St/Jerome Ave,,,,,,
-73.9337397,40.8493137,181st St; 1 181st St/Saint Nicholas Ave 181st St/Saint Nicholas Ave,,,,,,
-73.9382887,40.8509016,181st St; A 181st St/Fort Washington Ave 181st St/Fort Washington Ave,,,,,,
-73.9007807,40.8560514,182nd-183rd Sts; B-D 182nd-183rd Sts/Grand Concourse 182nd-183rd Sts/Grand Concourse,,,,,,
-73.9038309,40.8585011,183rd St; 4 [El] 183rd St/Jerome Ave 183rd St/Jerome Ave,,,,,,
-74.0017605,40.6080008,18th Av; D-M [El] 18th Av/New Utrecht Av 18th Av/New Utrecht Av,,,,,,
-73.9771271,40.6307459,18th Av; F [El] 18th Av/McDonald Av 18th Av/McDonald Av,,,,,,
-73.98929,40.61998,18th Av; N 18th Av/64th St 18th Av/64th St,,,,,,
-73.9978552,40.7410812,18th St; 1 18th St/7th Ave 18th St/7th Ave,,,,,,
-73.9344199,40.8586404,190th St; A 190th St/Fort Washington Ave 190th St/Fort Washington Ave,,,,,,
-73.9291906,40.8555794,191st St; 1 191st St/Saint Nicholas Ave 191st St/Saint Nicholas Ave,,,,,,
-73.9825082,40.7313118,1st Ave; L 1st Ave/14th St 1st Ave/14th St,,,,,,
-73.8776456,40.874214,205th St; D 205th St/ Bainbridge Ave; D Terminus 205th St/ Bainbridge Ave; D Terminus,,,,,,
-73.9189339,40.8644629,207th St; 1 [El] 207th St/10th Ave 207th St/10th Ave,,,,,,
-73.9982414,40.6046104,20th Av; D-M [El] 20th Av/86th St 20th Av/86th St,,,,,,
-73.98486,40.61736,20th Av; N 20th Av/64th St 20th Av/64th St,,,,,,
-73.9151573,40.8695269,215th St; 1 [El] 215th St/10th Ave 215th St/10th Ave,,,,,,
-73.86286,40.88359,219th St; 2-5 [El] 219th St/White Plains Rd 219th St/White Plains Rd,,,,,,
-73.94884,40.74453,21st St; G 21st St/Jackson Ave 21st St/Jackson Ave,,,,,,
-73.9424086,40.7539988,21st St-Queensbridge; F 21st St-Queensbridge/41st Av 21st St-Queensbridge/41st Av,,,,,,
-73.86052,40.88783,225th St; 2-5 [El] 225th St/White Plains Rd 225th St/White Plains Rd,,,,,,
-73.9048147,40.8789253,231st St; 1 [El] 231st St/Broadway 231st St/Broadway,,,,,,
-73.85738,40.89341,233rd St; 2-5 [El] 233rd St/White Plains Rd; Connection To Metro-North 233rd St/White Plains Rd; Connection To Metro-North,,,,,,
-73.900609,40.8851051,238th St; 1 [El] 238th St/Broadway 238th St/Broadway,,,,,,
-73.9956665,40.7440853,23rd St; 1 23rd St/7th Ave 23rd St/7th Ave,,,,,,
-73.9863852,40.7402047,23rd St; 6 23rd St/Park Ave South 23rd St/Park Ave South,,,,,,
-73.9984989,40.7452869,23rd St; C-E 23rd St/8th Ave 23rd St/8th Ave,,,,,,
-73.9927912,40.7428837,23rd St; F-V 23rd St/6th Ave; Connection to PATH 23rd St/6th Ave; Connection to PATH,,,,,,
-73.9891904,40.7413837,23rd St; N-R-W 23rd St/Broadway 23rd St/Broadway,,,,,,
-73.94516,40.74689,23rd St-Ely Av; E-V 23rd St-Ely Av/44th Dr; Transfer G (7 w/ MetroCard) 23rd St-Ely Av/44th Dr; Transfer G (7 w/ MetroCard),,,,,,
-73.9871693,40.5979156,25th Av; D [El] 25th Av/86th St 25th Av/86th St,,,,,,
-73.9980099,40.6604663,25th St; M-R 25th St/4th Av 25th St/4th Av,,,,,,
-73.9933491,40.7472181,28th St; 1 28th St/7th Ave 28th St/7th Ave,,,,,,
-73.9840823,40.7433357,28th St; 6 28th St/Park Ave South 28th St/Park Ave South,,,,,,
-73.9887142,40.7452869,28th St; N-R-W 28th St/Broadway 28th St/Broadway,,,,,,
-73.92139,40.7669,30th Av; N-W [El] 30th Av/31st St 30th Av/31st St,,,,,,
-73.9818556,40.7463977,33rd St; 6 33rd St/ Park Ave South 33rd St/ Park Ave South,,,,,,
-73.93168,40.74467,33rd St; 7 [El] 33rd St/Queens Blvd 33rd St/Queens Blvd,,,,,,
-73.9877701,40.7497931,34th St-Herald Sq; B-D-F-V-N-Q-R-W 34th St-Herald Sq/6th Ave; Transfer N-Q-R-W; Connection to PATH; AMTRAK; NJ Transit; LIRR 34th St-Herald Sq/6th Ave; Transfer N-Q-R-W; Connection to PATH; AMTRAK; NJ Transit; LIRR,,,,,,
-73.9878988,40.749836,34th St-Herald Sq; N-Q-R-W-B-D-F-V 34th St-Herald Sq/Broadway; Transfer B-D-F-V; Connection to PATH; AMTRAK; NJ Transit; LIRR 34th St-Herald Sq/Broadway; Transfer B-D-F-V; Connection to PATH; AMTRAK; NJ Transit; LIRR,,,,,,
-73.9906025,40.7509947,34th St-Penn Station; 1-2-3 34th St-Penn Station/7th Ave; Connection to PATH; AMTRAK; NJ Transit; LIRR 34th St-Penn Station/7th Ave; Connection to PATH; AMTRAK; NJ Transit; LIRR,,,,,,
-73.9934778,40.7521963,34th St-Penn Station; A-C-E 34th St-Penn Station/8th Ave; Connection to AMTRAK; NJ Transit; LIRR 34th St-Penn Station/8th Ave; Connection to AMTRAK; NJ Transit; LIRR,,,,,,
-73.92975,40.7566,36th Av; N-W [El] 36th Av/31st St 36th Av/31st St,,,,,,
-74.0044229,40.6543082,36th St; D-M-N-R 36th St/4th Av 36th St/4th Av,,,,,,
-73.92785,40.75207,36th St; G-R-V 36th St/Northern Blvd 36th St/Northern Blvd,,,,,,
-73.93292,40.75269,39th Av; N-W [El] 39th Av/31st St 39th Av/31st St,,,,,,
-73.92687,40.81079,3rd Av-138th St; 6 3rd Av-138th St 3rd Av-138th St,,,,,,
-73.9871149,40.7332487,3rd Ave; L 3rd Ave/14th St 3rd Ave/14th St,,,,,,
-73.9177322,40.8160973,3rd Ave-149th St; 2-5 3rd Ave-149th St 3rd Ave-149th St,,,,,,
-73.92427,40.74382,40th St; 7 [El] 40th St/Queens Blvd 40th St/Queens Blvd,,,,,,
-73.9841266,40.7548602,42nd St-Bryant Park; B-D-F-V-7 42nd St-Bryant Park/6th Ave; Transfer 7 42nd St-Bryant Park/6th Ave; Transfer 7,,,,,,
-73.9783707,40.7524124,42nd St-Grand Central; S-4-5-6-7 42nd St-Grand Central/Park Ave; Transfer 4-5-6-7; Connection to Metro North 42nd St-Grand Central/Park Ave; Transfer 4-5-6-7; Connection to Metro North,,,,,,
-73.9907299,40.7559322,42nd St-Port Authority Bus Terminal; A-C-E 42nd St-Port Authority Bus Terminal/8th Ave; Connection to 1-2-3-7-N-Q-R-S-W 42nd St-Port Authority Bus Terminal/8th Ave; Connection to 1-2-3-7-N-Q-R-S-W,,,,,,
-73.9866637,40.7559035,42nd St-Times Sq; S-1-2-3-7-N-Q-R-W 42nd St-Times Sq/Broadway-7th Ave; Transfer 1-2-3-7-N-Q-R-W; Connection to A-C-E 42nd St-Times Sq/Broadway-7th Ave; Transfer 1-2-3-7-N-Q-R-W; Connection to A-C-E,,,,,,
-73.94553,40.74623,45 Rd-Court House Sq; 7 [El] 45 Rd-Court House Sq; Transfer (E-G-V w/ MetroCard) 45 Rd-Court House Sq; Transfer (E-G-V w/ MetroCard),,,,,,
-74.0096551,40.6492629,45th St; N-R 45th St/4th Av 45th St/4th Av,,,,,,
-73.9187,40.74318,46th St; 7 [El] 46th St/Queens Blvd 46th St/Queens Blvd,,,,,,
-73.91421,40.75673,46th St; G-R-V 46th St/Broadway 46th St/Broadway,,,,,,
-73.9811103,40.7589674,47th-50th STS-Rockefeller Ctr; B-D-F-V 47th-50th Sts-Rockefeller Center 47th-50th Sts-Rockefeller Center,,,,,,
-73.983736,40.760479,49th St; N-R-W 49th St/7th Ave 49th St/7th Ave,,,,,,
-73.98912,40.66993,4th Av; F-M-R 4th Av/9th St; Transfer M-R 4th Av/9th St; Transfer M-R,,,,,,
-73.9840794,40.7614231,50th St; 1 50th St/Broadway 50th St/Broadway,,,,,,
-73.9860964,40.7622814,50th St; C-E 50th St/8th Ave 50th St/8th Ave,,,,,,
-73.9948263,40.6358236,50th St; D-M [El] 50th St/New Utrecht Av 50th St/New Utrecht Av,,,,,,
-73.9718914,40.7571316,51st St; 6-E-V 51st St/Lexington Ave; Transfer E-V 51st St/Lexington Ave; Transfer E-V,,,,,,
-73.9125,40.74416,52nd St; 7 [El] 52nd St/Roosevelt Av 52nd St/Roosevelt Av,,,,,,
-74.0143146,40.64478,53rd St; N-R 53rd St/4th Av 53rd St/4th Av,,,,,,
-73.9953661,40.6318617,55th St; D-M [El] 55th St/New Utrecht Av 55th St/New Utrecht Av,,,,,,
-73.97717,40.7643414,57th St; F 57th St/6th Ave 57th St/6th Ave,,,,,,
-73.9800453,40.765543,57th St; N-Q-R-W 57th St/7th Ave 57th St/7th Ave,,,,,,
-73.9682007,40.7622385,59th St; 4-5-6-N-R-W 59th St/Lexington Ave; Transfer N-R-W (F w/ MetroCard 59th St/Lexington Ave; Transfer N-R-W (F w/ MetroCard,,,,,,
-74.0178334,40.6414326,59th St; N-R 59th St/4th Av 59th St/4th Av,,,,,,
-73.981644,40.7676126,59th St-Columbus Circle; 1-A-B-C-D 59th St-Columbus Circle/Broadway; Transfer A-B-C-D 59th St-Columbus Circle/Broadway; Transfer A-B-C-D,,,,,,
-73.9822767,40.7675462,59th St-Columbus Circle; A-B-C-D-1 59th St-Columbus Circle/8th Ave; Transfer 1 59th St-Columbus Circle/8th Ave; Transfer 1,,,,,,
-73.9757161,40.7603437,5th Ave/53rd St; E-V 5th Ave/53rd St 5th Ave/53rd St,,,,,,
-73.972578,40.7648993,5th Ave/59th St; N-R-W 5th Ave/59th St 5th Ave/59th St,,,,,,
-73.9820665,40.7538179,5th Ave-Bryant Park; 7-B-D-F-V 5th Ave-Bryant Park/42nd St; Transfer B-D-F-V 5th Ave-Bryant Park/42nd St; Transfer B-D-F-V,,,,,,
-73.9967147,40.6270232,62nd St; D-M-N [El] 62nd Av/New Utrecht Av; Transfer N 62nd Av/New Utrecht Av; Transfer N,,,,,,
-73.86232,40.73011,63rd Dr/Rego Park; G-R-V 63rd Dr/Rego Park/Queens Blvd 63rd Dr/Rego Park/Queens Blvd,,,,,,
-73.89757,40.74929,65th St; G-R-V 65th St/Broadway 65th St/Broadway,,,,,,
-73.9822063,40.7734759,66th St-Lincoln Center; 1 66th St-Lincoln Center/Broadway 66th St-Lincoln Center/Broadway,,,,,,
-73.85264,40.72656,67th Av; G-R-V 67th Av/Queens Blvd 67th Av/Queens Blvd,,,,,,
-73.9640808,40.7678604,68th St-Hunter College; 6 68th St-Hunter College/Lexington Ave 68th St-Hunter College/Lexington Ave,,,,,,
-73.89633,40.74633,69th St; 7 [El] 69th St/Roosevelt Av 69th St/Roosevelt Av,,,,,,
-73.9968831,40.7373717,6th Ave; L-1-2-3-F-V 6th Ave/14th St; Transfer 1-2-3-F-V; Connection to PATH 6th Ave/14th St; Transfer 1-2-3-F-V; Connection to PATH,,,,,,
-73.9990568,40.6189442,71st St; D-M [El] 71st St/New Utrecht Av 71st St/New Utrecht Av,,,,,,
-73.981952,40.7787167,72nd St; 1-2-3 72nd St/Broadway 72nd St/Broadway,,,,,,
-73.9759694,40.7762292,72nd St; B-C 72nd St/Central Park West 72nd St/Central Park West,,,,,,
-73.89139,40.74685,74th St-Broadway; 7 [El]-E-F-G-R-V 74th St-Broadway/Roosevelt Av; Transfer E-F-G-R-V 74th St-Broadway/Roosevelt Av; Transfer E-F-G-R-V,,,,,,
-73.83795,40.71878,75th Av; E-F 75th Av/Queens Blvd 75th Av/Queens Blvd,,,,,,
-73.8664913,40.6914282,75th St; J-Z [El] 75th St/Jamaica Av 75th St/Jamaica Av,,,,,,
-73.9598751,40.773654,77th St; 6 77th St/Lexington Ave 77th St/Lexington Ave,,,,,,
-74.0256643,40.6293726,77th St; R 77th St/4th Av 77th St/4th Av,,,,,,
-73.9800107,40.783829,79th St; 1 79th St/Broadway 79th St/Broadway,,,,,,
-74.0006018,40.6134081,79th St; D-M [El] 79th St/New Utrecht Av 79th St/New Utrecht Av,,,,,,
-73.9734793,40.6786394,7th Av; B-Q 7th Av/Flatbush Av 7th Av/Flatbush Av,,,,,,
-73.9815474,40.6668806,7th Av; F 7th Av/9th St 7th Av/9th St,,,,,,
-73.9818504,40.762951,7th Ave; B-D-E 7th Ave/53rd St 7th Ave/53rd St,,,,,,
-73.8577795,40.6794548,80th St; A [El] 80th St/Liberty Av 80th St/Liberty Av,,,,,,
-73.9717203,40.7820231,81st St-Museum of Natural History; B-C 81st St-Museum of Natural History/Central Park West 81st St-Museum of Natural History/Central Park West,,,,,,
-73.88391,40.74764,82nd St-Jackson Hts; 7 [El] 82nd St-Jackson Heights/Roosevelt Av 82nd St-Jackson Heights/Roosevelt Av,,,,,,
-73.8591099,40.6925011,85th St-Forest Pkwy; J [El] 85th St-Forest Pkwy/Jamaica Av 85th St-Forest Pkwy/Jamaica Av,,,,,,
-73.9765049,40.788331,86th St; 1 86th St/Broadway 86th St/Broadway,,,,,,
-73.9555836,40.7794905,86th St; 4-5-6 86th St/Lexington Ave 86th St/Lexington Ave,,,,,,
-73.9693602,40.7852842,86th St; B-C 86th St/Central Park West 86th St/Central Park West,,,,,,
-74.028368,40.6227636,86th St; R 86th St/4th Av 86th St/4th Av,,,,,,
-73.8506556,40.679884,88th St; A [El] 88th St/Libery Av 88th St/Libery Av,,,,,,
-74.01066,40.63454,8th Av; N 8th Av/62nd St 8th Av/62nd St,,,,,,
-74.0026032,40.7397808,8th Ave; L 8th Ave/14th St; L Terminus; Transfer A-C-E 8th Ave/14th St; L Terminus; Transfer A-C-E,,,,,,
-73.9924049,40.7306099,8th St-New York University; N-R-W 8 Street-New York University/Broadway 8 Street-New York University/Broadway,,,,,,
-73.8765,40.74843,90th St-Elmhurst Av; 7 [El] 90th St-Elmhurst Av/Roosevelt Av 90th St-Elmhurst Av/Roosevelt Av,,,,,,
-73.9718339,40.7945833,96th St; 1-2-3 96th St/Broadway 96th St/Broadway,,,,,,
-73.9509487,40.7858849,96th St; 6 96th St/Lexington Ave 96th St/Lexington Ave,,,,,,
-73.9646807,40.7916782,96th St; B-C 96th St/Central Park West 96th St/Central Park West,,,,,,
-73.99459,40.64647,9th Av; D-M [El] 9th Av/39th St 9th Av/39th St,,,,,,
-73.9887571,40.6703568,9th St; M-R-F 9th St/4th Av; Transfer F 9th St/4th Av; Transfer F,,,,,,
-73.8998207,40.676837,Alabama Av; J [El] Alabama Av/Fulton St Alabama Av/Fulton St,,,,,,
-73.86729,40.86543,Allerton Av; 2-5 [El] Allerton Av/White Plains Rd Allerton Av/White Plains Rd,,,,,,
-73.83353,40.66716,Aqueduct-N Conduit Av; A [El] Aqueduct-North Conduit Av Aqueduct-North Conduit Av,,,,,,
-73.9910746,40.730052,Astor Pl; 6 Astor Pl/4th Ave Astor Pl/4th Ave,,,,,,
-73.91787,40.77028,Astoria Blvd; N-W [El] Astoria Blvd/31st St Astoria Blvd/31st St,,,,,,
-73.91207,40.77501,Astoria-Ditmars Blvd; N-W [El] Astoria-Ditmars Blvd/31st St; N-W Terminus Astoria-Ditmars Blvd/31st St; N-W Terminus,,,,,,
-73.9779175,40.6842218,Atlantic Av; 2-3-4-5-B-D-M-N-Q-R Atlantic Av/Flatbush Av; Transfer B-D-M-N-Q-R; Connection to LIRR Atlantic Av/Flatbush Av; Transfer B-D-M-N-Q-R; Connection to LIRR,,,,,,
-73.9773846,40.6840038,Atlantic Av; B-Q-2-3-4-5-D-M-N-R Atlantic Av/Flatbush Av; Transfer 2-3-4-5-D-M-N-R; Connection to LIRR Atlantic Av/Flatbush Av; Transfer 2-3-4-5-D-M-N-R; Connection to LIRR,,,,,,
-73.90272,40.67557,Atlantic Av; L [El] Atlantic Av/Snediker Av/Van Sinderen Av Atlantic Av/Snediker Av/Van Sinderen Av,,,,,,
-73.9783287,40.6843901,Atlantic Av-Pacific St; D-M-N-R-2-3-4-5-B-Q Atlantic Av-Pacific St/4th Av; Transfer 2-3-4-5-B-Q; Connection to LIRR Atlantic Av-Pacific St/4th Av; Transfer 2-3-4-5-B-Q; Connection to LIRR,,,,,,
-73.96181,40.62995,Avenue H; Q [El] Avenue H/East 16th St Avenue H/East 16th St,,,,,,
-73.9762688,40.6259823,Avenue I; F [El] Avenue I/McDonald Av Avenue I/McDonald Av,,,,,,
-73.96085,40.62524,Avenue J; Q [El] Avenue J/East 16th St Avenue J/East 16th St,,,,,,
-73.9595,40.61807,Avenue M; Q [El] Avenue M/East 16th St Avenue M/East 16th St,,,,,,
-73.9740801,40.6140518,Avenue N; F [El] Avenue N/McDonald Av Avenue N/McDonald Av,,,,,,
-73.9730072,40.6088161,Avenue P; F [El] Avenue P/McDonald Av Avenue P/McDonald Av,,,,,,
-73.9732647,40.5969715,Avenue U; F [El] Avenue U/McDonald Av Avenue U/McDonald Av,,,,,,
-73.9789,40.59645,Avenue U; N Avenue U/West 7th St Avenue U/West 7th St,,,,,,
-73.95584,40.5989,Avenue U; Q [El] Avenue U/East 16th St Avenue U/East 16th St,,,,,,
-73.9742088,40.5901051,Avenue X; F [El] Avenue X/McDonald Av Avenue X/McDonald Av,,,,,,
-73.9836931,40.5884743,Bay 50th St; D [El] Bay 50th St/Stillwell Av Bay 50th St/Stillwell Av,,,,,,
-73.9938211,40.6019497,Bay Pkwy; D-M [El] Bay Pkwy/86th St; M Terminus Bay Pkwy/86th St; M Terminus,,,,,,
-73.9752817,40.6208754,Bay Pkwy; F [El] Bay Pkwy/McDonald Av Bay Pkwy/McDonald Av,,,,,,
-73.98206,40.61303,Bay Pkwy; N Bay Pkwy/West 7th St Bay Pkwy/West 7th St,,,,,,
-74.0235186,40.6346083,Bay Ridge Av; R Bay Ridge Ave/4th Av Bay Ridge Ave/4th Av,,,,,,
-74.0311146,40.6160259,Bay Ridge-95th St; R Bay Ridge-95th St/4th Av; R Terminus Bay Ridge-95th St/4th Av; R Terminus,,,,,,
-73.83794,40.87942,Baychester Av; 5 [El] Baychester Av/Tillotson Av Baychester Av/Tillotson Av,,,,,,
-73.827213,40.5833856,Beach 105th St; A-S [El] Beach 105th St/Rockaway Freeway Beach 105th St/Rockaway Freeway,,,,,,
-73.7617537,40.5997227,Beach 25th St; A [El] Beach 25th St/Rockaway Freeway Beach 25th St/Rockaway Freeway,,,,,,
-73.7680604,40.5955492,Beach 36th St; A [El] Beach 36th St/Rockaway Freeway Beach 36th St/Rockaway Freeway,,,,,,
-73.7757581,40.5930629,Beach 44th St; A [El] Beach 44th St/Rockaway Freeway Beach 44th St/Rockaway Freeway,,,,,,
-73.7889862,40.5924225,Beach 60th St; A [El] Beach 60th St/Rockaway Freeway Beach 60th St/Rockaway Freeway,,,,,,
-73.7969684,40.5909909,Beach 67th St; A [El] Beach 67th St/Rockaway Freeway Beach 67th St/Rockaway Freeway,,,,,,
-73.8143951,40.5877844,Beach 90th St; A-S [El] Beach 90th St/Rockaway Freeway Beach 90th St/Rockaway Freeway,,,,,,
-73.8201857,40.585556,Beach 98th St; A-S [El] Beach 98th St/Rockaway Freeway Beach 98th St/Rockaway Freeway,,,,,,
-73.9577293,40.7178211,Bedford Av; L Bedford Av/North 7th St Bedford Av/North 7th St,,,,,,
-73.8877342,40.8722379,Bedford Park Blvd; B-D Bedford Park Blvd/Grand Concourse; B Terminus (Rush) Bedford Park Blvd/Grand Concourse; B Terminus (Rush),,,,,,
-73.88989,40.87362,Bedford Park Blvd-Lehman College; 4 [El] Bedford Park Blvd-Lehman College/Jerome Ave Bedford Park Blvd-Lehman College/Jerome Ave,,,,,,
-73.9514637,40.6898403,Bedford-Nostrand Avs; G Bedford-Nostrand Avs/Lafayette Av Bedford-Nostrand Avs/Lafayette Av,,,,,,
-73.9751101,40.680871,Bergen St; 2-3 Bergen St/Flatbush Av Bergen St/Flatbush Av,,,,,,
-73.9904737,40.6867075,Bergen St; F-G Bergen St/Smith St Bergen St/Smith St,,,,,,
-73.96457,40.64437,Beverley Rd; Q [El] Beverley Rd/East 16th St Beverley Rd/East 16th St,,,,,,
-73.9489746,40.6451225,Beverly Rd; 2-5 Beverley Rd/Nostrand Av Beverley Rd/Nostrand Av,,,,,,
-73.9944649,40.7258463,Bleecker St; 6 (Uptown) Bleecker St (Uptown Only)/Lafayette St-Mulberry St Bleecker St (Uptown Only)/Lafayette St-Mulberry St,,,,,,
-73.9946365,40.7259321,Bleeker St; 6(Downtown)-B-D-F-V Bleecker St (Downtown Only)/Lafayette St; Transfer B-D-F-V Bleecker St (Downtown Only)/Lafayette St; Transfer B-D-F-V,,,,,,
-73.99028,40.69359,Borough Hall; 2-3-4-5-M-R Borough Hall/Court St-Montague St; Transfer 4-5-M-R Borough Hall/Court St-Montague St; Transfer 4-5-M-R,,,,,,
-73.99007,40.69253,Borough Hall-Court St; 4-5-2-3-M-R Borough Hall-Court St/Joralemon St; Transfer 2-3-M-R Borough Hall-Court St/Joralemon St; Transfer 2-3-M-R,,,,,,
-73.95907,40.6709,Botanic Garden; S-2-3-4-5 Botanic Garden/Eastern Pkwy/Franklin Av; Transfer 2-3-4-5 Botanic Garden/Eastern Pkwy/Franklin Av; Transfer 2-3-4-5,,,,,,
-73.9934501,40.7201262,Bowery; J-M-Z Bowery/Delancey St Bowery/Delancey St,,,,,,
-74.01359,40.70463,Bowling Green; 4-5 Bowling Green/Broadway; Connection to Staten Island Ferry Bowling Green/Broadway; Connection to Staten Island Ferry,,,,,,
-73.81968,40.70948,Briarwood/Van Wyck Blvd; E-F Briarwood/Van Wyck Blvd/Main St Briarwood/Van Wyck Blvd/Main St,,,,,,
-73.96108,40.57769,Brighton Beach; B-Q [El] Brighton Beach/Brighton 6th St; B Terminus Brighton Beach/Brighton 6th St; B Terminus,,,,,,
-73.81594,40.60798,Broad Channel; A-S [El] Broad Channel; S Terminus Broad Channel; S Terminus,,,,,,
-74.0107374,40.7070491,Broad St; J-M-Z Broad St/Wall St; J-Z Terminus Broad St/Wall St; J-Z Terminus,,,,,,
-73.9033127,40.6778669,Broadway Jct (East New York); A-C-J-L-Z Broadway Junction (East New York)/Fulton St; Transfer J-L-Z Broadway Junction (East New York)/Fulton St; Transfer J-L-Z,,,,,,
-73.90363,40.6791,Broadway Jct (Eastern Pkwy); J-Z [El]-A-C-L Broadway Junction (Eastern Parkway); Transfer A-C-L Broadway Junction (Eastern Parkway); Transfer A-C-L,,,,,,
-73.9032,40.67891,Broadway Jct (Eastern Pkwy); L [El]-A-C-J-Z Broadway Junction (Eastern Parkway); Transfer A-C-J-Z Broadway Junction (Eastern Parkway); Transfer A-C-J-Z,,,,,,
-73.9502192,40.7053323,Broadway; G Broadway/Union Av; Connection (No Transfer) to J-M Broadway/Union Av; Connection (No Transfer) to J-M,,,,,,
-73.92538,40.76198,Broadway; N-W [El] Broadway/31st St Broadway/31st St,,,,,,
-73.9955927,40.7251451,Broadway-Lafayette St; B-D-F-V-6 Broadway-Lafayette St/Houston St; Transfer 6 (Downtown Only) Broadway-Lafayette St/Houston St; Transfer 6 (Downtown Only),,,,,,
-74.007682,40.7102032,Broadway-Nassau St; A-C-2-3-4-5-J-M-Z Broadway-Nassau St/Fulton St; Transfer 2-3-4-5-J-M-Z Broadway-Nassau St/Fulton St; Transfer 2-3-4-5-J-M-Z,,,,,,
-73.86836,40.84894,Bronx Park East; 2-5 [El] Bronx Park East/White Plains Rd Bronx Park East/White Plains Rd,,,,,,
-73.9192343,40.8075571,Brook Av; 6 Brook Av/East 138th St Brook Av/East 138th St,,,,,,
-74.0048,40.71285,Brooklyn Bridge-City Hall; 4-5-6-J-M-Z Brooklyn Bridge-City Hall/Centre St; 6 Terminus; Transfer J-M-Z Brooklyn Bridge-City Hall/Centre St; 6 Terminus; Transfer J-M-Z,,,,,,
-73.9476871,40.6328487,Brooklyn College-Flatbush Av; 2-5 Brooklyn College-Flatbush Av/Nostrand Av; 2-5 Terminus Brooklyn College-Flatbush Av/Nostrand Av; 2-5 Terminus,,,,,,
-73.83223,40.847,Buhre Av; 6 [El] Buhre Av/WestchesterAv Buhre Av/WestchesterAv,,,,,,
-73.8671,40.87145,Burke Av; 2-5 [El] Burke Av/White Plains Rd Burke Av/White Plains Rd,,,,,,
-73.907503,40.8536512,Burnside Ave; 4 [El] Burnside Ave/Jerome Ave Burnside Ave/Jerome Ave,,,,,,
-73.90514,40.68229,Bushwick Av-Aberdeen St; L Bushwick Av-Aberdeen St Bushwick Av-Aberdeen St,,,,,,
-74.0063095,40.7225847,Canal St; 1 Canal St/Varick St Canal St/Varick St,,,,,,
-74.0005179,40.7184191,Canal St; 6-J-M-N-Q-R-W-Z Canal St/Lafayette St; Transfer J-M-N-Q-R-W-Z Canal St/Lafayette St; Transfer J-M-N-Q-R-W-Z,,,,,,
-74.0052696,40.7216319,Canal St; A-C-E Canal St/6th Ave Canal St/6th Ave,,,,,,
-73.9999563,40.718033,Canal St; J-M-Z-6-N-Q-R-W Canal St/Centre St; Transfer 6-N-Q-R-W Canal St/Centre St; Transfer 6-N-Q-R-W,,,,,,
-74.0018892,40.719409,Canal St; N-Q-R-W-6-J-M-Z Canal St/Broadway; Transfer 6-J-M-Z Canal St/Broadway; Transfer 6-J-M-Z,,,,,,
-73.90225,40.64596,Canarsie-Rockaway Pkwy; L [El] Canarsie-Rockaway Pkwy/Glenwood Rd; L Terminus Canarsie-Rockaway Pkwy/Glenwood Rd; L Terminus,,,,,,
-73.994379,40.6809139,Carroll St; F-G Carroll St/Smith St Carroll St/Smith St,,,,,,
-73.85166,40.83418,Castle Hill Av; 6 [El] Castle Hill Av/Westchester Av Castle Hill Av/Westchester Av,,,,,,
-73.9667091,40.804172,Cathedral Pkwy (110th St); 1 Cathedral Parkway (110th St)/Broadway Cathedral Parkway (110th St)/Broadway,,,,,,
-73.9586294,40.7999603,Cathedral Pkwy (110th St); B-C Cathedral Parkway (110th St)/Central Park West Cathedral Parkway (110th St)/Central Park West,,,,,,
-73.92625,40.69797,Central Av; M [El] Central Av/Myrtle Av Central Av/Myrtle Av,,,,,,
-73.95202,40.7988234,Central Park N (110th St); 2-3 Central Park North (110th St)/Lenox Ave Central Park North (110th St)/Lenox Ave,,,,,,
-74.0092278,40.7155037,Chambers St; 1-2-3 Chambers St/West Broadway Chambers St/West Broadway,,,,,,
-74.0079403,40.7149029,Chambers St; A-C-2-3-E Chambers St/Church St; Transfer 2-3-E; Connection to PATH Chambers St/Church St; Transfer 2-3-E; Connection to PATH,,,,,,
-74.00318,40.71416,Chambers St; J-M-Z-4-5-6 Chambers St/Centre St; Transfer 4-5-6 Chambers St/Centre St; Transfer 4-5-6,,,,,,
-73.9100075,40.6826305,Chauncey St; J-Z [El] Chauncey St/Broadway Chauncey St/Broadway,,,,,,
-74.0027905,40.733614,Christopher St-Sheridan Square; 1 Christopher Street-Sheridan Square/7 Avenue South Christopher Street-Sheridan Square/7 Avenue South,,,,,,
-73.9495754,40.6508303,Church Av; 2-5 Church Av/Nostrand Av Church Av/Nostrand Av,,,,,,
-73.96339,40.64933,Church Av; B-Q [El] Church Av/East 18h St Church Av/East 18h St,,,,,,
-73.9794445,40.6428051,Church Av; F Church Av/McDonald Av Church Av/McDonald Av,,,,,,
-74.0067398,40.7136178,City Hall; R-W City Hall/Broadway City Hall/Broadway,,,,,,
-73.9930058,40.6974363,Clark St; 2-3 Clark St/Henry St Clark St/Henry St,,,,,,
-73.9600039,40.6888533,Classon Av; G Classon Av/Lafayette Av Classon Av/Lafayette Av,,,,,,
-73.8855457,40.6796694,Cleveland St; J [El] Cleveland St/Fulton St Cleveland St/Fulton St,,,,,,
-73.9647675,40.6830168,Clinton-Washington Avs; C Clinton-Washington Avs/Fulton St Clinton-Washington Avs/Fulton St,,,,,,
-73.9658403,40.6882095,Clinton-Washington Avs; G Clinton-Washington Avs/Lafayette Av Clinton-Washington Avs/Lafayette Av,,,,,,
-73.98137,40.57713,Coney Island-Stillwell Av; D-F-N-Q [El] Coney Island-Stillwell Av/Surf Av; D-F-N-Q Terminus Coney Island-Stillwell Av/Surf Av; D-F-N-Q Terminus,,,,,,
-73.96402,40.64143,Cortelyou Rd; Q [El] Cortelyou Rd/East 16th St Cortelyou Rd/East 16th St,,,,,,
-74.0121776,40.7118162,Cortlandt St; 1 Cortlandt St/West Broadway; CLOSED Cortlandt St/West Broadway; CLOSED,,,,,,
-74.0111048,40.7105779,Cortlandt St; R-W Cortlandt St/Church St; CLOSED Cortlandt St/Church St; CLOSED,,,,,,
-73.9924049,40.6942606,Court St; M-R-2-3-4-5 Court St/Montague St; Transfer 2-3-4-5 Court St/Montague St; Transfer 2-3-4-5,,,,,,
-73.8730145,40.683403,Crescent St; J-Z [El] Crescent St/Fulton St Crescent St/Fulton St,,,,,,
-73.9311218,40.6688118,Crown Heights-Utica Av; 3-4 Crown Heights-Utica Av/Eastern Pkwy; 4 Terminus Crown Heights-Utica Av/Eastern Pkwy; 4 Terminus,,,,,,
-73.9134804,40.8051338,Cypress Av; 6 Cypress Av/East 138th St Cypress Av/East 138th St,,,,,,
-73.871727,40.6902695,Cypress Hills; J [El] Cypress Hills/Jamaica Av Cypress Hills/Jamaica Av,,,,,,
-73.98226,40.69152,DeKalb Av; B-M-Q-R DeKalb Av/Flatbush Av DeKalb Av/Flatbush Av,,,,,,
-73.9177752,40.7034016,DeKalb Av; L DeKalb Av/Wyckoff Av DeKalb Av/Wyckoff Av,,,,,,
-73.9881563,40.7186365,Delancey St; F-J-M-Z Delancey St/ Essex St; Transfer J-M-Z Delancey St/ Essex St; Transfer J-M-Z,,,,,,
-73.97803,40.63555,Ditmas Av; F [El] Ditmas Av/McDonald Av Ditmas Av/McDonald Av,,,,,,
-73.9251942,40.8609164,Dyckman St; 1 [El] Dyckman St/Nagle Ave Dyckman St/Nagle Ave,,,,,,
-73.9272594,40.8655357,Dyckman St; A Dyckman St/Broadway Dyckman St/Broadway,,,,,,
-73.89897,40.65133,E 105th St; L [El] East 105th St/Turnbull Av East 105th St/Turnbull Av,,,,,,
-73.9078188,40.8082008,E 143rd St-St Mary's St; 6 East 143rd St-St Mary's St/Southern Blvd East 143rd St-St Mary's St/Southern Blvd,,,,,,
-73.9041281,40.8121061,E 149th St; 6 East 149th St/Southern Blvd East 149th St/Southern Blvd,,,,,,
-73.8738,40.84165,E 180th St; 2-5 [El] East 180th St/Morris Park Ave East 180th St/Morris Park Ave,,,,,,
-73.9900422,40.7143803,East Broadway; F East Broadway/Canal St-Rutgers St East Broadway/Canal St-Rutgers St,,,,,,
-73.83111,40.88817,Eastchester-Dyre Av; 5 [El] Eastchester-Dyre Av/233rd St; 5 Terminus Eastchester-Dyre Av/233rd St; 5 Terminus,,,,,,
-73.96413,40.6721,Eastern Pkwy-Brooklyn Museum; 2-3 Eastern Parkway-Brooklyn Museum Eastern Parkway-Brooklyn Museum,,,,,,
-73.87917,40.82858,Elder Av; 6 [El] Elder Av/Westchester Av Elder Av/Westchester Av,,,,,,
-73.8809538,40.7418537,Elmhurst Av; G-R-V Elmhurst Av/Broadway Elmhurst Av/Broadway,,,,,,
-73.9881075,40.718543,Essex St; J-M-Z-F Essex St/Delancey St; Transfer F Essex St/Delancey St; Transfer F,,,,,,
-73.8718987,40.6754208,Euclid Av; A-C Euclid Av/Pitkin Av; C Terminus Euclid Av/Pitkin Av; C Terminus,,,,,,
-73.75412,40.60468,Far Rockaway-Mott Av; A [El] Far Rockaway-Mott Av; A Terminus Far Rockaway-Mott Av; A Terminus,,,,,,
-73.80346,40.65979,Federal Circle; AirTrain JFK Federal Circle; Rental Cars Federal Circle; Rental Cars,,,,,,
-73.9500904,40.6997538,Flushing Av; G Flushing Av/Marcy Av Flushing Av/Marcy Av,,,,,,
-73.9419365,40.7007408,Flushing Av; J-M [El] Flushing Av/Broadway Flushing Av/Broadway,,,,,,
-73.8287,40.75993,Flushing-Main St; 7 Flushing-Main St/Roosevelt Ave; 7 Terminus; Connection to LIRR Flushing-Main St/Roosevelt Ave; 7 Terminus; Connection to LIRR,,,,,,
-73.9010811,40.8627462,Fordham Rd; 4 [El] Fordham Rd/Jerome Ave Fordham Rd/Jerome Ave,,,,,,
-73.8977337,40.8613729,Fordham Rd; B-D Fordham Rd/Grand Concourse Fordham Rd/Grand Concourse,,,,,,
-73.90221,40.70461,Forest Av; M [El] Forest Av/67th Av Forest Av/67th Av,,,,,,
-73.84398,40.72146,Forest Hills-71st Av; E-F-G-R-V Forest Hills-71st Av/Queens Blvd; R-V Terminus; G Terminus (Nights+Weekends); Connection to LIRR Forest Hills-71st Av/Queens Blvd; R-V Terminus; G Terminus (Nights+Weekends); Connection to LIRR,,,,,,
-73.9943361,40.6402888,Fort Hamilton Pkwy; D-M [El] Fort Hamilton Pkwy/New Utrecht Av Fort Hamilton Pkwy/New Utrecht Av,,,,,,
-73.97579,40.64983,Fort Hamilton Pkwy; F Fort Hamilton Pkwy/Prospect Av Fort Hamilton Pkwy/Prospect Av,,,,,,
-74.00675,40.6322,Fort Hamilton Pkwy; N Fort Hamilton Pkwy/62th St Fort Hamilton Pkwy/62th St,,,,,,
-73.9579868,40.6706572,Franklin Av; 2-3-4-5-S Franklin Av/Eastern Pkwy; Transfer S Franklin Av/Eastern Pkwy; Transfer S,,,,,,
-73.9556265,40.6811285,Franklin Av; C-S Franklin Av/Fulton St; Transfer S Franklin Av/Fulton St; Transfer S,,,,,,
-73.9557375,40.6809473,Franklin Av; S-C [El] Franklin Av/Fulton St; Transfer C Franklin Av/Fulton St; Transfer C,,,,,,
-74.0069103,40.7191515,Franklin St; 1 Franklin St/Varick St Franklin St/Varick St,,,,,,
-73.89185,40.83015,Freeman St; 2-5 [El] Freeman St/Southern Blvd Freeman St/Southern Blvd,,,,,,
-73.89652,40.70608,Fresh Pond Rd; M [El] Fresh Pond Rd/67th Av Fresh Pond Rd/67th Av,,,,,,
-74.0064574,40.7095614,Fulton St; 2-3-4-5-A-C-J-M-Z Fulton St/Williams St; Transfer 4-5-A-C-J-M-Z Fulton St/Williams St; Transfer 4-5-A-C-J-M-Z,,,,,,
-74.0095104,40.7103464,Fulton St; 4-5-2-3-A-C-J-M-Z Fulton St/Broadway; Transfer 2-3-A-C-J-M-Z Fulton St/Broadway; Transfer 2-3-A-C-J-M-Z,,,,,,
-73.975923,40.6870724,Fulton St; G Fulton St/Lafayette Av; Connection to LIRR Fulton St/Lafayette Av; Connection to LIRR,,,,,,
-74.0077575,40.7101919,Fulton St; J-M-Z-2-3-4-5-A-C Fulton St/Nassau St; Transfer 2-3-4-5-A-C Fulton St/Nassau St; Transfer 2-3-4-5-A-C,,,,,,
-73.9212942,40.6890678,Gates Av; J-Z [El] Gates Av/Broadway Gates Av/Broadway,,,,,,
-73.9443827,40.7145166,Graham Av; L Graham Av/Metropolitan Av Graham Av/Metropolitan Av,,,,,,
-73.9709902,40.6752491,Grand Army Plaza; 2-3 Grand Army Plaza/Flatbush Av Grand Army Plaza/Flatbush Av,,,,,,
-73.87676,40.73618,Grand Av/Newton; G-R-V Grand Av/Newton/Queens Blvd Grand Av/Newton/Queens Blvd,,,,,,
-73.9770771,40.7518538,Grand Central-42nd St; 4-5-6-7-S Grand Central-42nd St/Lexington Ave; Transfer 7-S; Connection to Metro North Grand Central-42nd St/Lexington Ave; Transfer 7-S; Connection to Metro North,,,,,,
-73.9769768,40.7518128,Grand Central-42nd St; 7-4-5-6-S Grand Central-42nd St/Lexington Ave; Transfer 4-5-6-S; Connection to Metro North Grand Central-42nd St/Lexington Ave; Transfer 4-5-6-S; Connection to Metro North,,,,,,
-73.9938211,40.7181215,Grand St; B-D Grand St/Chrystie St Grand St/Chrystie St,,,,,,
-73.9406919,40.7119417,Grand St; L Grand St/Bushwick Av Grand St/Bushwick Av,,,,,,
-73.8656771,40.676285,Grant Av; A Grant Av/Pitkin Av Grant Av/Pitkin Av,,,,,,
-73.9782,40.59268,Gravesend-86th St; N Gravesend-86th St/West 7th St Gravesend-86th St/West 7th St,,,,,,
-73.9542103,40.7301807,Greenpoint Av; G Greenpoint Av/Manhattan Av Greenpoint Av/Manhattan Av,,,,,,
-73.86636,40.87772,Gun Hill Rd; 2-5 [El] Gun Hill Rd/White Plains Rd Gun Hill Rd/White Plains Rd,,,,,,
-73.84592,40.87008,Gun Hill Rd; 5 [El] Gun Hill Rd/Seymour Av Gun Hill Rd/Seymour Av,,,,,,
-73.9155896,40.6858293,Halsey St; J [El] Halsey St/Broadway Halsey St/Broadway,,,,,,
-73.9050293,40.6961489,Halsey St; L Halsey St/Wyckoff Av Halsey St/Wyckoff Av,,,,,,
-73.9370538,40.8241292,Harlem-148th St; 3 Harlem-148th St/7th Ave; 3 Terminus Harlem-148th St/7th Ave; 3 Terminus,,,,,,
-73.9526347,40.7065767,Hewes St; J-M [El] Hewes St/Broadway Hewes St/Broadway,,,,,,
-73.99137,40.69948,High St-Brooklyn Bridge; A-C High St-Brooklyn Bridge/Cadman Plaza East High St-Brooklyn Bridge/Cadman Plaza East,,,,,,
-74.0053225,40.7285929,Houston St; 1 Houston St/Varick St Houston St/Varick St,,,,,,
-73.82947,40.66107,Howard Beach; AirTrain JFK Howard Beach; Connection to A Howard Beach; Connection to A,,,,,,
-73.83018,40.66044,Howard Beach-JFK Airport; A [El] Howard Beach-JFK Airport/159th Av; Connection to AirTrain Howard Beach-JFK Airport/159th Av; Connection to AirTrain,,,,,,
-73.9853668,40.6906986,Hoyt St; 2-3 Hoyt St/Fulton Mall Hoyt St/Fulton Mall,,,,,,
-73.9861393,40.6890249,Hoyt St-Schermrhorn St; A-C-G Hoyt St-Schermerhorn St Hoyt St-Schermerhorn St,,,,,,
-73.9484053,40.7423786,Hunters Pt Av; 7 Hunters Point Av/49th Av/21st St Hunters Point Av/49th Av/21st St,,,,,,
-73.89066,40.82074,Hunts Point Av; 6 Hunts Point Av/Southern Blvd Hunts Point Av/Southern Blvd,,,,,,
-73.89666,40.82222,Intervale Av; 2-5 [El] Intervale Av/Westchester Av Intervale Av/Westchester Av,,,,,,
-73.9212084,40.8676815,Inwood-207th St; A Inwood-207th St/Broadway; A Terminus Inwood-207th St/Broadway; A Terminus,,,,,,
-73.90787,40.81645,Jackson Av; 2-5 [El] Jackson Av/Winchester Av Jackson Av/Winchester Av,,,,,,
-73.89138,40.74664,Jackson Hts-Roosevelt Av; E-F-G-R-V-7 Jackson Heights-Roosevelt Av/Broadway; Transfer 7 Jackson Heights-Roosevelt Av/Broadway; Transfer 7,,,,,,
-73.80192,40.70198,Jamaica Ctr-Parsons/Archer; E-J-Z Jamaica Center-Parsons Av/Archer Av; E-J-Z Terminus Jamaica Center-Parsons Av/Archer Av; E-J-Z Terminus,,,,,,
-73.80783,40.69915,Jamaica; AirTrain JFK Jamaica; Connection to E-J-Z-LIRR Jamaica; Connection to E-J-Z-LIRR,,,,,,
-73.78446,40.71249,Jamaica179th St; F Jamaica-179th St/Hillside Av; F Terminus Jamaica-179th St/Hillside Av; F Terminus,,,,,,
-73.81726,40.70273,Jamaica-Van Wyck; E Jamaica-Van Wyck/Queens Blvd Jamaica-Van Wyck/Queens Blvd,,,,,,
-73.987298,40.6922007,Jay St-Borough Hall; A-C-F Jay St-Borough Hall/Fulton Mall Jay St-Borough Hall/Fulton Mall,,,,,,
-73.9221525,40.7061052,Jefferson St; L Jefferson St/Wyckoff Av Jefferson St/Wyckoff Av,,,,,,
-73.86939,40.74916,Junction Blvd; 7 [El] Junction Blvd/Roosevelt Av Junction Blvd/Roosevelt Av,,,,,,
-73.9014244,40.6637049,Junius St; 3 [El] Junius St/Livonia Av; Connection (No Transfer) to L Junius St/Livonia Av; Connection (No Transfer) to L,,,,,,
-73.82996,40.71389,Kew Gardens-Union Tpk; E-F Kew Gardens-Union Tpk/Queens Blvd Kew Gardens-Union Tpk/Queens Blvd,,,,,,
-73.95781,40.60895,Kings Highway; B-Q [El] Kings Highway/East 16th St Kings Highway/East 16th St,,,,,,
-73.9722776,40.6041813,Kings Highway; F [El] Kings Highway/McDonald Av Kings Highway/McDonald Av,,,,,,
-73.98056,40.60512,Kings Highway; N Kings Highway/West 7th St Kings Highway/West 7th St,,,,,,
-73.89722,40.86782,Kingsbridge Rd; 4 [El] Kingsbridge Rd/Jerome Ave Kingsbridge Rd/Jerome Ave,,,,,,
-73.8943444,40.8660819,Kingsbridge Rd; B-D Kingsbridge Rd/Grand Concourse Kingsbridge Rd/Grand Concourse,,,,,,
-73.942194,40.6694126,Kingston Av; 3 Kingston Ave/Eastern Pkwy Kingston Ave/Eastern Pkwy,,,,,,
-73.9412069,40.6799269,Kingston-Throop Avs; C Kingston-Throop Avs/Fulton St Kingston-Throop Avs/Fulton St,,,,,,
-73.91874,40.69877,Knickerbocker Av; M [El] Knickerbocker Av/Myrtle Av Knickerbocker Av/Myrtle Av,,,,,,
-73.9280748,40.6929302,Kosciuszko St; J [El] Kosciuszko St/Broadway Kosciuszko St/Broadway,,,,,,
-73.9757838,40.6868352,Lafayette Av; C Lafayette Av/Fulton St; Connection to LIRR Lafayette Av/Fulton St; Connection to LIRR,,,,,,
-73.986268,40.6922007,Lawrence St-MetroTech; M-R Lawrence St-MetroTech/Willoughby St Lawrence St-MetroTech/Willoughby St,,,,,,
-73.82465,40.6618,Lefferts Blvd; AirTrain JFK Lefferts Blvd; Long Term Parking Lefferts Blvd; Long Term Parking,,,,,,
-73.9694011,40.7576901,Lexington Av/53rd St; E-V-6 Lexington Av/53rd St; Transfer 6 Lexington Av/53rd St; Transfer 6,,,,,,
-73.9676757,40.7628179,Lexington Av/59th St; N-R-W-4-5-6 Lexington Av/59th St; Transfer 4-5-6 (F / MetroCard) Lexington Av/59th St; Transfer 4-5-6 (F / MetroCard),,,,,,
-73.9663927,40.7647436,Lexington Av/63rd St; F Lexington Av/63rd St; Transfer (4-5-6-N-R-W w/ MetroCard) Lexington Av/63rd St; Transfer (4-5-6-N-R-W w/ MetroCard),,,,,,
-73.8965321,40.6743908,Liberty Av; C Liberty Av/Pennsylvania Av Liberty Av/Pennsylvania Av,,,,,,
-73.90059,40.66389,Livonia Av; L [El] Livonia Av/Van Sinderen Av; Connection (No Transfer) to 3 Livonia Av/Van Sinderen Av; Connection (No Transfer) to 3,,,,,,
-73.94372,40.7466,Long Island City-Court Sq; G Long Island City-Court Sq/45th St; G Terminus (Full); Transfer E-V (7 w/ MetroCard) Long Island City-Court Sq/45th St; G Terminus (Full); Transfer E-V (7 w/ MetroCard),,,,,,
-73.8962317,40.8163118,Longwood Av; 6 Longwood Av/Southern Blvd Longwood Av/Southern Blvd,,,,,,
-73.9478588,40.7041311,Lorimer St; J-M [El] Lorimer St/Broadway Lorimer St/Broadway,,,,,,
-73.9493608,40.7140446,Lorimer St; L Lorimer St/Metropolitan Av; Transfer G Lorimer St/Metropolitan Av; Transfer G,,,,,,
-73.9911659,40.7236874,Lower East Side-2nd Av; F-V Lower East Side-2nd Av/Houston St; V Terminus Lower East Side-2nd Av/Houston St; V Terminus,,,,,,
-73.9102108,40.8743073,Marble Hill-225th St; 1 [El] Marble Hill-225th St/Broadway; Connection to Metro-North Marble Hill-225th St/Broadway; Connection to Metro-North,,,,,,
-73.957901,40.7084227,Marcy Av; J-M-Z [El] Marcy Av/Broadway Marcy Av/Broadway,,,,,,
-73.9516354,40.7140446,Metropolitan Av; G Metropolitan Av/Grand Av; Transfer L Metropolitan Av/Grand Av; Transfer L,,,,,,
-73.88928,40.71214,Middle Village-Metropolitan Av; M [El] Middle Village-Metropolitan Av/67th St; M Terminus Middle Village-Metropolitan Av/67th St; M Terminus,,,,,,
-73.83624,40.84392,Middletown Rd; 6 [El] Middletown Rd/Westchester Av Middletown Rd/Westchester Av,,,,,,
-73.9398336,40.7076502,Montrose Av; L Montrose Av/Bushwick Av Montrose Av/Bushwick Av,,,,,,
-73.9318514,40.7063198,Morgan Av; L Morgan Av/Harrison Pl Morgan Av/Harrison Pl,,,,,,
-73.86014,40.8548,Morris Park; 5 Morris Park/Esplanade Morris Park/Esplanade,,,,,,
-73.8746,40.82949,Morrison-Sound View Avs; 6 [El] MorrisonSound View Avs/Westchester Av MorrisonSound View Avs/Westchester Av,,,,,,
-73.8841725,40.8801631,Moshulu Pkwy; 4 [El] Moshulu Pkwy/Jerome Ave Moshulu Pkwy/Jerome Ave,,,,,,
-73.9146221,40.8444842,Mt Eden Av; 4 [El] Mt Eden Av/Jerome Ave Mt Eden Av/Jerome Ave,,,,,,
-73.9351988,40.6969643,Myrtle Av; J-M-Z Myrtle Av/Broadway Myrtle Av/Broadway,,,,,,
-73.9491892,40.6953764,Myrtle-Willoughby Avs; G Myrtle-Willoughby Avs/Marcy Av Myrtle-Willoughby Avs/Marcy Av,,,,,,
-73.91114,40.69958,Myrtle-Wyckoff Avs; L-M Myrtle-Wyckoff Avs; Transfer M Myrtle-Wyckoff Avs; Transfer M,,,,,,
-73.9114,40.69953,Myrtle-Wyckoff Avs; M [El]-L Myrtle-Wyckoff Avs; Transfer L Myrtle-Wyckoff Avs; Transfer L,,,,,,
-73.9507771,40.7237434,Nassau Av; G Nassau Av/Manhattan Av Nassau Av/Manhattan Av,,,,,,
-73.95509,40.59496,Neck Rd; Q [El] Neck Rd/East 16th St Neck Rd/East 16th St,,,,,,
-73.97459,40.57997,Neptune Av; F [El] Neptune Av/West 6th St Neptune Av/West 6th St,,,,,,
-73.8543,40.89846,Nereid Av; 2-5 [El] Nereid Av/White Plains Rd Nereid Av/White Plains Rd,,,,,,
-73.9808607,40.6887245,Nevins St; 2-3-4-5 Nevins St/Flatbush Av Nevins St/Flatbush Av,,,,,,
-73.8832283,40.6663227,New Lots Av; 3 [El] New Lots Av/Livonia Av; 3 Terminus New Lots Av/Livonia Av; 3 Terminus,,,,,,
-73.89935,40.65899,New Lots Av; L [El] New Lots Av/Van Sinderen Av New Lots Av/Van Sinderen Av,,,,,,
-73.99692,40.62576,New Utrecht Av; N-D-M New Utrecht Av/62nd St; Transfer D-M New Utrecht Av/62nd St; Transfer D-M,,,,,,
-73.9484167,40.6399727,Newkirk Av; 2-5 Newkirk Av/Nostrand Av Newkirk Av/Nostrand Av,,,,,,
-73.96286,40.63566,Newkirk Av; B-Q [El] Newkirk Av/East 16th St Newkirk Av/East 16th St,,,,,,
-73.90688,40.75331,Northern Blvd; G-R-V Northern Blvd/Broadway Northern Blvd/Broadway,,,,,,
-73.8791084,40.6816864,Norwood Av; J [El] Norwood Av/Fulton St Norwood Av/Fulton St,,,,,,
-73.9504766,40.6698418,Nostrand Av; 3 Nostrand Av/Eastern Pkwy Nostrand Av/Eastern Pkwy,,,,,,
-73.9495325,40.6803989,Nostrand Av; A-C Nostrand Av/Fulton St Nostrand Av/Fulton St,,,,,,
-73.96853,40.5763,Ocean Pkwy; Q [El] Ocean Pkwy/Brighton Beach Av Ocean Pkwy/Brighton Beach Av,,,,,,
-73.8241768,40.6862354,Ozone Pk-Lefferts Blvd; A [El] Ozone Park-Lefferts Blvd/Liberty Av; A Terminus Ozone Park-Lefferts Blvd/Liberty Av; A Terminus,,,,,,
-74.0092669,40.7132728,Park Pl; 2-3-A-C-E Park Pl/Broadway; Transfer A-C-E; Connection to PATH Park Pl/Broadway; Transfer A-C-E; Connection to PATH,,,,,,
-73.95776,40.6744,Park Place; S [El] Park Place/Franklin Av Park Place/Franklin Av,,,,,,
-73.86103,40.83318,Parkchester; 6 [El] Parkchester/Westchester Av Parkchester/Westchester Av,,,,,,
-73.96155,40.65522,Parkside Av; Q [El] Parkside Av/Ocean Av Parkside Av/Ocean Av,,,,,,
-73.80279,40.70773,Parsons Blvd; F Parsons Blvd/Hillside Av Parsons Blvd/Hillside Av,,,,,,
-73.82713,40.85294,Pelham Bay Park; 6 [El] Pelham Bay Park/Bruckner Expressway; 6 Terminus Pelham Bay Park/Bruckner Expressway; 6 Terminus,,,,,,
-73.86756,40.85725,Pelham Pkwy; 2-5 [El] Pelham Pkwy/White Plains Rd Pelham Pkwy/White Plains Rd,,,,,,
-73.85548,40.85886,Pelham Pkwy; 5 Pelham Pkwy/Williamsbridge Rd Pelham Pkwy/Williamsbridge Rd,,,,,,
-73.894043,40.6647348,Pennsylvania Av; 3 [El] Pennsylvania Av/Livonia Av Pennsylvania Av/Livonia Av,,,,,,
-73.9506483,40.6680393,President St; 2-5 President St/Nostrand Av President St/Nostrand Av,,,,,,
-73.9977694,40.7242584,Prince St; N-R-W Prince St/Broadway Prince St/Broadway,,,,,,
-73.90165,40.81965,Prospect Av; 2-5 [El] Prospect Av/Westchester Av Prospect Av/Westchester Av,,,,,,
-73.9931012,40.6651912,Prospect Av; M-R Prospect Av/4th Av Prospect Av/4th Av,,,,,,
-73.96213,40.6608,Prospect Park; B-Q-S [El] Prospect Park/Empire Blvd-Flatbush Av Prospect Park/Empire Blvd-Flatbush Av,,,,,,
-73.93767,40.74878,Queens Plaza; E-G-R-V Queens Plaza/Queens Blvd Queens Plaza/Queens Blvd,,,,,,
-73.94007,40.75054,Queensboro Plaza; 7-N-W [El] Queensboro Plaza/Bridge Plaza Queensboro Plaza/Bridge Plaza,,,,,,
-73.9191484,40.6787252,Ralph Av; C Ralph Av/Fulton St Ralph Av/Fulton St,,,,,,
-74.0136053,40.7079527,Rector St; 1 Rector St/Greenwich St Rector St/Greenwich St,,,,,,
-74.0129614,40.7077789,Rector St; R-W Rector St/Trinity Pl Rector St/Trinity Pl,,,,,,
-73.9089346,40.6625891,Rockaway Av; 3 [El] Rockaway Av/Livonia Av Rockaway Av/Livonia Av,,,,,,
-73.9135695,40.6784248,Rockaway Av; C Rockaway Av/Fulton St Rockaway Av/Fulton St,,,,,,
-73.8432531,40.6805432,Rockaway Blvd; A [El] Rockaway Blvd/Liberty Av Rockaway Blvd/Liberty Av,,,,,,
-73.83743,40.58045,Rockaway Pk/Beach 116th St; A-S [El] Rockaway Park/Beach 116th St; A-S Terminus Rockaway Park/Beach 116th St; A-S Terminus,,,,,,
-73.9533752,40.7592968,Roosevelt Island; F Roosevelt Island Roosevelt Island,,,,,,
-73.9155006,40.6615591,Saratoga Av; 3 [El] Saratoga Av/Livonia Av Saratoga Av/Livonia Av,,,,,,
-73.90766,40.70281,Seneca Av; M [El] Seneca Av/Palmetto St Seneca Av/Palmetto St,,,,,,
-73.95415,40.58734,Sheepshead Bay; B-Q [El] Sheepshead Bay/East 16th St Sheepshead Bay/East 16th St,,,,,,
-73.8807821,40.6740904,Shepherd Av; C Shepherd Av/Pitkin Av Shepherd Av/Pitkin Av,,,,,,
-73.89292,40.82415,Simpson St; 2-5 [El] Simpson St/Westchester Ave Simpson St/Westchester Ave,,,,,,
-73.99721,40.67448,Smith-9th Sts; F-G Smith-9th Sts; G terminus Smith-9th Sts; G terminus,,,,,,
-74.0139395,40.7013756,South Ferry; 1 South Ferry; 1 Terminus; Connection to Staten Island Ferry South Ferry; 1 Terminus; Connection to Staten Island Ferry,,,,,,
-73.9971256,40.7223272,Spring St; 6 Spring St/Lafayette St Spring St/Lafayette St,,,,,,
-74.004035,40.725503,Spring St; C-E Spring St/6th Ave Spring St/6th Ave,,,,,,
-73.86727,40.83163,St Lawrence Av; 6 [El] Saint Lawrence Av/Westchester Av Saint Lawrence Av/Westchester Av,,,,,,
-73.91909,40.75885,Steinway St; G-R-V Steinway St/Broadway Steinway St/Broadway,,,,,,
-73.9508629,40.6631041,Sterling St; 2-5 Sterling St/Nostrand Av Sterling St/Nostrand Av,,,,,,
-73.92611,40.85975,Subway Tunnel Portal; 1 (High Bridge Park) Subway Tunnel Portal Subway Tunnel Portal,,,,,,
-73.91625,40.8157,Subway Tunnel Portal; 2-5 (149th St) Subway Tunnel Portal Subway Tunnel Portal,,,,,,
-73.92515,40.66789,Subway Tunnel Portal; 3 (Eastern Pkwy) Subway Tunnel Portal Subway Tunnel Portal,,,,,,
-73.92702,40.82432,Subway Tunnel Portal; 4 (Gerard Av) Subway Tunnel Portal Subway Tunnel Portal,,,,,,
-73.85179,40.86316,Subway Tunnel Portal; 5 (Mace Av) Subway Tunnel Portal Subway Tunnel Portal,,,,,,
-73.86038,40.85449,Subway Tunnel Portal; 5 (Paulding Av) Subway Tunnel Portal Subway Tunnel Portal,,,,,,
-73.88691,40.82341,Subway Tunnel Portal; 6 (Bruckner Blvd) Subway Tunnel Portal Subway Tunnel Portal,,,,,,
-73.94785,40.74247,Subway Tunnel Portal; 7 (49th Av) Subway Tunnel Portal Subway Tunnel Portal,,,,,,
-73.8347,40.75811,Subway Tunnel Portal; 7 (College Pt Blvd) Subway Tunnel Portal Subway Tunnel Portal,,,,,,
-73.8637,40.67795,Subway Tunnel Portal; A (Glenmore Av) Subway Tunnel Portal Subway Tunnel Portal,,,,,,
-73.96233,40.66201,Subway Tunnel Portal; B-Q (Empire Blvd) Subway Tunnel Portal Subway Tunnel Portal,,,,,,
-73.9989,40.64908,Subway Tunnel Portal; D-M (7th Av) Subway Tunnel Portal Subway Tunnel Portal,,,,,,
-73.98862,40.6697,Subway Tunnel Portal; F (4th Av) Subway Tunnel Portal Subway Tunnel Portal,,,,,,
-73.979,40.64002,Subway Tunnel Portal; F (Avenue C) Subway Tunnel Portal Subway Tunnel Portal,,,,,,
-73.99602,40.67892,Subway Tunnel Portal; F-G (2nd Pl) Subway Tunnel Portal Subway Tunnel Portal,,,,,,
-73.98548,40.71762,Subway Tunnel Portal; J-M-Z (Williamsburg Bridge) Subway Tunnel Portal Subway Tunnel Portal,,,,,,
-73.81986,40.69968,Subway Tunnel Portal; J-Z (89th Rd) Subway Tunnel Portal Subway Tunnel Portal,,,,,,
-73.90402,40.68119,Subway Tunnel Portal; L (Eastern Pkwy) Subway Tunnel Portal Subway Tunnel Portal,,,,,,
-73.90572,40.68481,Subway Tunnel Portal; L (Evergreen Av) Subway Tunnel Portal Subway Tunnel Portal,,,,,,
-73.90121,40.69189,Subway Tunnel Portal; L (Irving Av) Subway Tunnel Portal Subway Tunnel Portal,,,,,,
-74.0201,40.63742,Subway Tunnel Portal; N (4th Av) Subway Tunnel Portal Subway Tunnel Portal,,,,,,
-73.9463,40.75349,Subway Tunnel Portal; N-W (Queensboro Br) Subway Tunnel Portal Subway Tunnel Portal,,,,,,
-73.80771,40.70058,Sutphin Blvd/Archer Av/JFK Airport; E-J-Z Siphton Blvd/Archer Av/JFK Airport; Connection AirTrain; LIRR Siphton Blvd/Archer Av/JFK Airport; Connection AirTrain; LIRR,,,,,,
-73.80969,40.70574,Sutphin Blvd; F Sutphin Blvd/Hillside Av Sutphin Blvd/Hillside Av,,,,,,
-73.9017,40.66854,Sutter Av; L [El] Sutter Av/Van Sinderen Av Sutter Av/Van Sinderen Av,,,,,,
-73.9228821,40.6649494,Sutter Av-Rutland Rd; 3 [El] Sutter Av-Rutland Rd/East 98th St Sutter Av-Rutland Rd/East 98th St,,,,,,
-73.78947,40.64357,Terminal 1; AirTrain JFK Terminal 1 Terminal 1,,,,,,
-73.78695,40.64197,Terminal 2/3; AirTrain JFK Terminal 2/3 Terminal 2/3,,,,,,
-73.78242,40.64397,Terminal 4; AirTrain JFK Terminal 4 Terminal 4,,,,,,
-73.77965,40.64671,Terminal 5/6; AirTrain JFK Terminal 5/6 Terminal 5/6,,,,,,
-73.78287,40.64821,Terminal 7; AirTrain JFK Terminal 7 Terminal 7,,,,,,
-73.78896,40.64679,Terminal 8; AirTrain JFK Terminal 8 Terminal 8,,,,,,
-73.9869547,40.7560158,Times Sq-42nd St; 1-2-3-7-N-Q-R-S-W Times Sq-42nd St/7th Ave-Broadway; Transfer 7-N-Q-R-S-W; Connection to A-C-E Times Sq-42nd St/7th Ave-Broadway; Transfer 7-N-Q-R-S-W; Connection to A-C-E,,,,,,
-73.9874258,40.7553695,Times Sq-42nd St; 7-1-2-3-N-Q-R-S-W Times Sq-42nd St/7th Ave-Broadway; 7 Terminus; Transfer 1-2-3-N-Q-R-S-W; Connection to A-C-E Times Sq-42nd St/7th Ave-Broadway; 7 Terminus; Transfer 1-2-3-N-Q-R-S-W; Connection to A-C-E,,,,,,
-73.9863968,40.7558012,Times Sq-42nd St; N-Q-R-W-1-2-3-7-S Times Sq-42nd St/Broadway-7th Ave; Transfer 1-2-3-7-S; Connection to A-C-E Times Sq-42nd St/Broadway-7th Ave; Transfer 1-2-3-7-S; Connection to A-C-E,,,,,,
-73.9056021,40.849939,Tremont Av; B-D Tremont Av/Grand Concourse Tremont Av/Grand Concourse,,,,,,
-73.9899898,40.7344663,Union Sq; L-4-5-6-N-Q-R-W Union Sq/Broadway-14th St; Transfer 4-5-6-N-Q-R-W Union Sq/Broadway-14th St; Transfer 4-5-6-N-Q-R-W,,,,,,
-73.98315,40.67726,Union St; M-R Union St/4th Av Union St/4th Av,,,,,,
-73.9290619,40.6792831,Utica Av; A-C Utica Av/Fulton St Utica Av/Fulton St,,,,,,
-73.8981405,40.8897961,Van Cortlandt Park-242nd St; 1 [El] Van Cortlandt Park-242nd St/Broadway; 1 Terminus Van Cortlandt Park-242nd St/Broadway; 1 Terminus,,,,,,
-73.8885069,40.6655502,Van Siclen Av; 3 [El] Van Siclen Av/Livonia Av Van Siclen Av/Livonia Av,,,,,,
-73.8903093,40.6727171,Van Siclen Av; C Van Siclen Av/Pitkin Av Van Siclen Av/Pitkin Av,,,,,,
-73.8916826,40.6780386,Van Siclen Av; J-Z [El] Van Siclen Av/Fulton St Van Siclen Av/Fulton St,,,,,,
-73.9541245,40.742712,VernonBlvd-Jackson Av; 7 Vernon Blvd-Jackson Av Vernon Blvd-Jackson Av,,,,,,
-73.97653,40.57589,W 8th St-New York Aquarium; F-Q [El] West 8th St-New York Aquarium/Surf Av West 8th St-New York Aquarium/Surf Av,,,,,,
-73.8796,40.84073,W Farms Sq-E Freemont Av; 2-5 [El] West Farms Sq-East Freemont Av/Boston Rd West Farms Sq-East Freemont Av/Boston Rd,,,,,,
-73.85035,40.90343,Wakefield-241st St; 2 [El] Wakefield-241st St/White Plains Rd; 2 Terminus Wakefield-241st St/White Plains Rd; 2 Terminus,,,,,,
-74.0095282,40.7064056,Wall St; 2-3 Wall St/William St; Connection to Ferries Wall St/William St; Connection to Ferries,,,,,,
-74.0121914,40.7071559,Wall St; 4-5 Wall St/Broadway Wall St/Broadway,,,,,,
-73.9393787,40.8415098,Washington Hts-168th St; A-C-1 Washington Heights-168th St/Saint Nicholas Ave; C Terminus; Transfer 1 Washington Heights-168th St/Saint Nicholas Ave; C Terminus; Transfer 1,,,,,,
-74.0000452,40.7329241,West 4th St-Washington Sq; A-C-E-B-D-F-V West 4th St-Washington Sq/6th Ave; Transfer B-D-F-V; Connection to PATH West 4th St-Washington Sq/6th Ave; Transfer B-D-F-V; Connection to PATH,,,,,,
-73.84284,40.84013,Westchester Sq-E Tremont Av; 6 [El] Westchester Sq-East Tremont Av/Westchester Av Westchester Sq-East Tremont Av/Westchester Av,,,,,,
-74.0131744,40.7040486,Whitehall St-South Ferry; R-W Whitehall St-South Ferry/Water St; W Terminus; Connection to Staten Island Ferry Whitehall St-South Ferry/Water St; W Terminus; Connection to Staten Island Ferry,,,,,,
-73.88619,40.82717,Whitlock Av; 6 [El] Whitlock Av/Westchester Av Whitlock Av/Westchester Av,,,,,,
-73.84564,40.75459,Willets Pt-Shea Stadium; 7 [El] Willets Point-Shea Stadium/Roosevelt Av Willets Point-Shea Stadium/Roosevelt Av,,,,,,
-73.90469,40.68879,Wilson Av; L [El] Wilson Av/Moffat St Wilson Av/Moffat St,,,,,,
-73.9502621,40.6570959,Winthrop St; 2-5 Winthrop St/Nostrand Av Winthrop St/Nostrand Av,,,,,,
-73.86981,40.73331,Woodhaven Blvd; G-R-V Woodhaven Blvd/Queens Blvd Woodhaven Blvd/Queens Blvd,,,,,,
-73.8524151,40.693574,Woodhaven Blvd; J-Z [El] Woodhaven Blvd/Jamaica Av Woodhaven Blvd/Jamaica Av,,,,,,
-73.8781152,40.886896,Woodlawn Av; 4 [El] Woodlawn Av/Jerome Av; 4 Terminus Woodlawn Av/Jerome Av; 4 Terminus,,,,,,
-73.90256,40.74568,Woodside-61st St; 7 [El] Woodside-61st St/Roosevelt Av; Connection to LIRR Woodside-61st St/Roosevelt Av; Connection to LIRR,,,,,,
-74.0101694,40.7120736,World Trade Center; E-2-3-A-C World Trade Center/Church Street; Transfer 2-3-A-C; Connection to PATH; NJ Ferries World Trade Center/Church Street; Transfer 2-3-A-C; Connection to PATH; NJ Ferries,,,,,,
-73.9867401,40.7015133,York St; F York St/Jay St York St/Jay St,,,,,,
-73.84667,40.8368,Zerega Av; 6 [El] Zerega Av/Westchester Av Zerega Av/Westchester Av,,,,,,
